Filename,Component,Volume,Centerline Length
colon_0404-supine.mha,1,2281096.0,27815
colon_0540-prone.mha,1,1295391.0,48630
colon_0468-prone.mha,1,1569565.0,12082
colon_0468-prone.mha,2,326.0,2
colon_0028-supine.mha,1,2282368.0,81608
colon_0276-supine.mha,1,2005081.0,133461
colon_0191-supine.mha,1,2720496.0,110726
colon_0633-supine.mha,1,1878082.0,16717
colon_0358-prone.mha,1,2406195.0,48898
colon_0436-prone.mha,1,1173951.0,10265
colon_0038-prone.mha,1,1705176.0,70484
colon_0825-prone.mha,1,2504501.0,174335
colon_0678-prone.mha,1,4344608.0,15029
colon_0294-supine.mha,1,1739283.0,136146
colon_0541-supine.mha,1,1965713.0,18765
colon_0620-supine.mha,1,2487576.0,9564
colon_0208-supine.mha,1,1254089.0,58329
colon_0649-supine.mha,1,3160584.0,13811
colon_0649-supine.mha,2,967.0,11
colon_0052-supine.mha,1,1073969.0,7163
colon_0052-supine.mha,2,156.0,22
colon_0052-supine.mha,3,325.0,32
colon_0052-supine.mha,4,164.0,25
colon_0182-prone.mha,1,386473.0,1407
colon_0182-prone.mha,2,1239907.0,2126
colon_0349-prone.mha,1,2407699.0,3183
colon_0062-supine.mha,1,1436607.0,29924
colon_0162-prone.mha,1,2446062.0,4949
colon_0605-prone.mha,1,2803192.0,39938
colon_0605-prone.mha,2,102.0,2
colon_0807-supine.mha,1,145.0,52
colon_0807-supine.mha,2,1775567.0,9311
colon_0746-supine.mha,1,2488818.0,213774
colon_0274-prone.mha,1,1334428.0,6215
colon_0468-supine.mha,1,1945080.0,8923
colon_0642-prone.mha,1,1984356.0,20188
colon_0145-prone.mha,1,1482458.0,23050
colon_0022-supine.mha,1,3106580.0,87244
colon_0783-supine.mha,1,2513250.0,111308
colon_0768-prone.mha,1,2299373.0,5743
colon_0726-supine.mha,1,2093735.0,64783
colon_0140-prone.mha,1,1613795.0,47910
colon_0161-supine.mha,1,2623403.0,94272
colon_0758-supine.mha,1,1920067.0,31908
colon_0228-prone.mha,1,2688992.0,31395
colon_0003-supine.mha,1,2116324.0,8964
colon_0399-supine.mha,1,1547060.0,5293
colon_0046-supine.mha,1,875108.0,12992
colon_0543-supine.mha,1,1544106.0,11146
colon_0349-supine.mha,1,2066276.0,6589
colon_0231-supine.mha,1,357045.0,27690
colon_0231-supine.mha,2,991262.0,13215
colon_0214-supine.mha,1,2823527.0,205308
colon_0343-supine.mha,1,1610428.0,9763
colon_0590-prone.mha,1,2139296.0,13384
colon_0590-prone.mha,2,242.0,21
colon_0465-prone.mha,1,2155788.0,110583
colon_0092-prone.mha,1,1727400.0,39827
colon_0519-prone.mha,1,2095525.0,33509
colon_0528-supine.mha,1,2988786.0,28711
colon_0486-supine.mha,1,2087709.0,118497
colon_0091-supine.mha,1,2151581.0,23639
colon_0330-prone.mha,1,1447804.0,112463
colon_0221-prone.mha,1,1660095.0,28901
colon_0381-supine.mha,1,2035342.0,95939
colon_0027-supine.mha,1,2033952.0,21250
colon_0027-supine.mha,2,100.0,2
colon_0134-supine.mha,1,3169450.0,40306
colon_0146-prone.mha,1,1783655.0,59126
colon_0146-prone.mha,2,190.0,8
colon_0646-supine.mha,1,2355.0,118
colon_0646-supine.mha,2,1705175.0,6320
colon_0617-prone.mha,1,2635522.0,25506
colon_0346-prone.mha,1,1879012.0,14520
colon_0459-supine.mha,1,2094196.0,57243
colon_0459-supine.mha,2,194.0,16
colon_0312-supine.mha,1,2080153.0,63572
colon_0480-supine.mha,1,1902885.0,55017
colon_0480-supine.mha,2,287.0,17
colon_0772-prone.mha,1,1659449.0,34499
colon_0456-prone.mha,1,1778736.0,17505
colon_0047-supine.mha,1,2438004.0,59927
colon_0797-supine.mha,1,1043653.0,8807
colon_0629-supine.mha,1,1594450.0,80046
colon_0385-supine.mha,1,1445073.0,10290
colon_0385-supine.mha,2,518.0,9
colon_0385-supine.mha,3,232.0,11
colon_0004-prone.mha,1,1653999.0,16527
colon_0618-prone.mha,1,1684949.0,15622
colon_0778-supine.mha,1,216358.0,11268
colon_0778-supine.mha,2,1149499.0,4014
colon_0769-prone.mha,1,2270285.0,10566
colon_0819-prone.mha,1,2426213.0,27276
colon_0399-prone.mha,1,1556513.0,5440
colon_0513-prone.mha,1,173.0,67
colon_0513-prone.mha,2,2132143.0,8327
colon_0799-prone.mha,1,1357028.0,23787
colon_0799-prone.mha,2,369.0,19
colon_0192-prone.mha,1,2153298.0,58075
colon_0473-supine.mha,1,3320745.0,69773
colon_0165-supine.mha,1,1876159.0,10813
colon_0198-prone.mha,1,2461294.0,7645
colon_0631-supine.mha,1,2006224.0,67099
colon_0095-prone.mha,1,2398885.0,39980
colon_0223-prone.mha,1,1825476.0,23958
colon_0771-supine.mha,1,2634648.0,5328
colon_0043-supine.mha,1,2396135.0,31430
colon_0627-supine.mha,1,2648789.0,29172
colon_0479-supine.mha,1,2161987.0,91219
colon_0066-prone.mha,1,2300297.0,24254
colon_0001-supine.mha,1,1775970.0,6439
colon_0218-prone.mha,1,1889139.0,41367
colon_0659-prone.mha,1,1891636.0,13174
colon_0613-supine.mha,1,152.0,42
colon_0613-supine.mha,2,909717.0,14356
colon_0111-supine.mha,1,2002300.0,19835
colon_0761-prone.mha,1,2150346.0,15992
colon_0761-prone.mha,2,112.0,2
colon_0396-supine.mha,1,1321040.0,58386
colon_0686-supine.mha,1,1909479.0,7848
colon_0215-prone.mha,1,943320.0,26352
colon_0597-supine.mha,1,230.0,12
colon_0597-supine.mha,2,227778.0,986
colon_0597-supine.mha,3,1084131.0,2045
colon_0822-prone.mha,1,1273069.0,35099
colon_0125-supine.mha,1,1977193.0,55615
colon_0177-supine.mha,1,2014195.0,6288
colon_0139-prone.mha,1,2139776.0,178603
colon_0198-supine.mha,1,2415095.0,4699
colon_0217-supine.mha,1,1827983.0,63373
colon_0298-supine.mha,1,1782774.0,18223
colon_0303-supine.mha,1,1802648.0,19152
colon_0005-prone.mha,1,1355485.0,12848
colon_0005-prone.mha,2,100.0,1
colon_0005-prone.mha,3,218.0,12
colon_0005-prone.mha,4,100.0,6
colon_0005-prone.mha,5,156.0,3
colon_0098-supine.mha,1,1721394.0,98154
colon_0158-prone.mha,1,1827984.0,39422
colon_0656-prone.mha,1,1194878.0,29267
colon_0517-prone.mha,1,1315988.0,26175
colon_0066-supine.mha,1,2345656.0,23956
colon_0440-prone.mha,1,881024.0,15696
colon_0440-prone.mha,2,155.0,2
colon_0555-supine.mha,1,1825017.0,33138
colon_0009-supine.mha,1,1448344.0,5960
colon_0141-supine.mha,1,1298852.0,8469
colon_0106-supine.mha,1,1141018.0,80494
colon_0015-prone.mha,1,1776622.0,29740
colon_0602-supine.mha,1,165675.0,1442
colon_0602-supine.mha,2,1642397.0,9513
colon_0761-supine.mha,1,2099086.0,11962
colon_0017-prone.mha,1,1463042.0,14875
colon_0017-prone.mha,2,182.0,7
colon_0083-prone.mha,1,162.0,74
colon_0083-prone.mha,2,1203605.0,1795
colon_0032-prone.mha,1,1541003.0,56055
colon_0068-prone.mha,1,1359532.0,47403
colon_0568-supine.mha,1,2424258.0,40448
colon_0340-prone.mha,1,2088839.0,14524
colon_0142-supine.mha,1,1989174.0,16115
colon_0142-supine.mha,2,105.0,6
colon_0382-prone.mha,1,2190034.0,120355
colon_0108-supine.mha,1,2087028.0,76887
colon_0332-supine.mha,1,3330.0,92
colon_0332-supine.mha,2,1674205.0,8640
colon_0747-prone.mha,1,490999.0,6349
colon_0747-prone.mha,2,2319040.0,28682
colon_0487-prone.mha,1,1586287.0,66124
colon_0136-prone.mha,1,1048070.0,8661
colon_0071-supine.mha,1,1989251.0,5283
colon_0071-supine.mha,2,208.0,19
colon_0071-supine.mha,3,151.0,9
colon_0441-supine.mha,1,2818375.0,9714
colon_0719-supine.mha,1,2920673.0,10529
colon_0264-supine.mha,1,3714963.0,13194
colon_0556-prone.mha,1,1108631.0,15270
colon_0661-prone.mha,1,1857003.0,29951
colon_0071-prone.mha,1,1917434.0,6906
colon_0071-prone.mha,2,278.0,17
colon_0071-prone.mha,3,136.0,20
colon_0245-prone.mha,1,1625486.0,1636
colon_0809-prone.mha,1,2398826.0,82857
colon_0328-prone.mha,1,2227467.0,270215
colon_0144-supine.mha,1,2708843.0,56917
colon_0177-prone.mha,1,1893491.0,11245
colon_0282-prone.mha,1,1771953.0,49097
colon_0410-prone.mha,1,2327291.0,52370
colon_0085-prone.mha,1,2510849.0,23497
colon_0820-supine.mha,1,1728533.0,12033
colon_0481-supine.mha,1,1720984.0,108307
colon_0518-supine.mha,1,2808589.0,213221
colon_0162-supine.mha,1,2524127.0,8743
colon_0323-supine.mha,1,2123189.0,6800
colon_0580-prone.mha,1,2360540.0,120856
colon_0580-prone.mha,2,637.0,57
colon_0719-prone.mha,1,2790245.0,33942
colon_0026-supine.mha,1,2034378.0,5186
colon_0698-prone.mha,1,1646327.0,50148
colon_0453-supine.mha,1,1616136.0,19527
colon_0448-supine.mha,1,1551958.0,48606
colon_0643-prone.mha,1,2274579.0,17378
colon_0217-prone.mha,1,1588449.0,57237
colon_0383-prone.mha,1,1822863.0,103082
colon_0246-supine.mha,1,1883894.0,14506
colon_0397-prone.mha,1,1799128.0,45329
colon_0793-prone.mha,1,1910588.0,150647
colon_0793-prone.mha,2,459.0,55
colon_0793-prone.mha,3,121.0,13
colon_0793-prone.mha,4,367.0,38
colon_0449-prone.mha,1,1458903.0,8688
colon_0407-prone.mha,1,323417.0,23017
colon_0407-prone.mha,2,1169261.0,17220
colon_0511-prone.mha,1,1583014.0,35917
colon_0542-prone.mha,1,1240344.0,17797
colon_0819-supine.mha,1,2887419.0,21058
colon_0658-prone.mha,1,2619802.0,28445
colon_0412-prone.mha,1,1955588.0,70954
colon_0762-prone.mha,1,1655972.0,4294
colon_0726-prone.mha,1,1889949.0,53225
colon_0221-supine.mha,1,1820995.0,51933
colon_0061-prone.mha,1,1360001.0,47964
colon_0459-prone.mha,1,1940547.0,108780
colon_0542-supine.mha,1,1204568.0,17695
colon_0461-prone.mha,1,1899183.0,2407
colon_0441-prone.mha,1,2556975.0,26690
colon_0286-prone.mha,1,2092223.0,185719
colon_0713-prone.mha,1,1937367.0,5014
colon_0713-prone.mha,2,248.0,4
colon_0713-prone.mha,3,225.0,1
colon_0004-supine.mha,1,1705149.0,16116
colon_0559-supine.mha,1,1928579.0,9992
colon_0666-prone.mha,1,1383101.0,29314
colon_0003-prone.mha,1,1885210.0,23116
colon_0137-supine.mha,1,1346388.0,7573
colon_0464-supine.mha,1,1832218.0,90614
colon_0464-supine.mha,2,344.0,47
colon_0357-supine.mha,1,1698067.0,34577
colon_0700-prone.mha,1,1749449.0,7537
colon_0587-supine.mha,1,1325166.0,7291
colon_0458-supine.mha,1,2721076.0,17893
colon_0173-supine.mha,1,1851218.0,40703
colon_0775-supine.mha,1,2537228.0,26052
colon_0145-supine.mha,1,1390929.0,19238
colon_0192-supine.mha,1,1975822.0,103500
colon_0062-prone.mha,1,1567571.0,26874
colon_0552-supine.mha,1,2579699.0,62516
colon_0552-supine.mha,2,1350.0,23
colon_0043-prone.mha,1,2261452.0,54700
colon_0043-prone.mha,2,149.0,16
colon_0481-prone.mha,1,1825942.0,93302
colon_0012-prone.mha,1,1631254.0,57179
colon_0012-prone.mha,2,300.0,2
colon_0006-supine.mha,1,2228885.0,22153
colon_0791-prone.mha,1,1859033.0,11258
colon_0523-supine.mha,1,1703912.0,17104
colon_0074-supine.mha,1,1309315.0,43578
colon_0074-supine.mha,2,333.0,42
colon_0074-supine.mha,3,101.0,5
colon_0074-supine.mha,4,130.0,2
colon_0074-supine.mha,5,158.0,3
colon_0353-supine.mha,1,2836082.0,5407
colon_0807-prone.mha,1,1406994.0,17420
colon_0604-prone.mha,1,112.0,52
colon_0604-prone.mha,2,2131474.0,19995
colon_0065-prone.mha,1,1731421.0,62352
colon_0296-supine.mha,1,36179.0,8534
colon_0296-supine.mha,2,1032701.0,201378
colon_0450-supine.mha,1,1808642.0,5866
colon_0134-prone.mha,1,3182140.0,35833
colon_0303-prone.mha,1,1654769.0,13706
colon_0120-prone.mha,1,1187694.0,21590
colon_0420-supine.mha,1,2083334.0,9544
colon_0629-prone.mha,1,1409017.0,59961
colon_0746-prone.mha,1,1951138.0,197632
colon_0218-supine.mha,1,1976784.0,17110
colon_0115-supine.mha,1,1068358.0,30528
colon_0041-prone.mha,1,2076292.0,38056
colon_0141-prone.mha,1,1098866.0,17963
colon_0209-supine.mha,1,1702003.0,92738
colon_0325-supine.mha,1,1593843.0,42913
colon_0793-supine.mha,1,101.0,15
colon_0793-supine.mha,2,120.0,21
colon_0793-supine.mha,3,2128901.0,120027
colon_0793-supine.mha,4,970.0,173
colon_0714-supine.mha,1,1359757.0,9436
colon_0703-prone.mha,1,1364852.0,4685
colon_0628-supine.mha,1,1625462.0,239066
colon_0628-supine.mha,2,13172.0,414
colon_0197-prone.mha,1,1666250.0,10750
colon_0502-supine.mha,1,2103.0,91
colon_0502-supine.mha,2,1931045.0,14406
colon_0052-prone.mha,1,1028523.0,4501
colon_0113-supine.mha,1,2505443.0,39565
colon_0490-prone.mha,1,1778462.0,17711
colon_0564-prone.mha,1,2506959.0,44328
colon_0458-prone.mha,1,2729124.0,11388
colon_0113-prone.mha,1,3372017.0,49999
colon_0771-prone.mha,1,2732537.0,6941
colon_0319-prone.mha,1,1427952.0,15415
colon_0402-prone.mha,1,1861559.0,19733
colon_0018-supine.mha,1,1593343.0,2952
colon_0059-supine.mha,1,153.0,60
colon_0059-supine.mha,2,1234812.0,9709
colon_0388-supine.mha,1,2005510.0,4688
colon_0789-supine.mha,1,1967850.0,7775
colon_0488-prone.mha,1,1961369.0,14906
colon_0207-supine.mha,1,1378679.0,44024
colon_0208-prone.mha,1,1343012.0,87540
colon_0112-supine.mha,1,1986608.0,51651
colon_0410-supine.mha,1,2796517.0,69027
colon_0728-supine.mha,1,3270971.0,54539
colon_0404-prone.mha,1,1659321.0,25958
colon_0092-supine.mha,1,1747855.0,45417
colon_0427-supine.mha,1,2026718.0,105496
colon_0147-supine.mha,1,1787209.0,23507
colon_0712-prone.mha,1,1343088.0,12704
colon_0712-prone.mha,2,266.0,21
colon_0511-supine.mha,1,1442271.0,16370
colon_0571-prone.mha,1,2838124.0,139033
colon_0037-supine.mha,1,1289017.0,168590
colon_0037-supine.mha,2,140.0,1
colon_0037-supine.mha,3,113.0,4
colon_0815-prone.mha,1,3017602.0,22796
colon_0286-supine.mha,1,2482462.0,139972
colon_0007-prone.mha,1,1688804.0,6499
colon_0669-prone.mha,1,1931974.0,28526
colon_0729-supine.mha,1,2366376.0,107531
colon_0400-prone.mha,1,2720480.0,24303
colon_0125-prone.mha,1,1781003.0,62015
colon_0718-prone.mha,1,2660488.0,101996
colon_0031-prone.mha,1,2000319.0,6833
colon_0587-prone.mha,1,1233650.0,4733
colon_0627-prone.mha,1,2302163.0,11640
colon_0026-prone.mha,1,1363366.0,6940
colon_0200-supine.mha,1,1593839.0,9583
colon_0304-supine.mha,1,1371847.0,10839
colon_0305-prone.mha,1,1605363.0,81661
colon_0580-supine.mha,1,2114664.0,63582
colon_0031-supine.mha,1,2282914.0,5400
colon_0601-prone.mha,1,556404.0,66700
colon_0601-prone.mha,2,1836670.0,82526
colon_0589-supine.mha,1,1452772.0,4812
colon_0016-supine.mha,1,1661747.0,61426
colon_0017-supine.mha,1,1262754.0,13281
colon_0017-supine.mha,2,128.0,1
colon_0631-prone.mha,1,1887184.0,56742
colon_0438-prone.mha,1,2250318.0,6137
colon_0651-supine.mha,1,1168023.0,8014
colon_0526-supine.mha,1,1828146.0,45417
colon_0690-supine.mha,1,2005685.0,39653
colon_0495-supine.mha,1,2219048.0,70661
colon_0495-supine.mha,2,191.0,2
colon_0495-supine.mha,3,4453.0,15
colon_0495-supine.mha,4,272.0,8
colon_0346-supine.mha,1,1832989.0,17479
colon_0678-supine.mha,1,5123403.0,14786
colon_0358-supine.mha,1,38701.0,6861
colon_0358-supine.mha,2,2113657.0,29745
colon_0783-prone.mha,1,2076824.0,70294
colon_0105-prone.mha,1,1686359.0,113146
colon_0367-supine.mha,1,2687636.0,163002
colon_0367-supine.mha,2,335.0,32
colon_0220-prone.mha,1,1983697.0,14065
colon_0220-prone.mha,2,409.0,37
colon_0220-prone.mha,3,173.0,22
colon_0408-supine.mha,1,3224749.0,70345
colon_0235-prone.mha,1,1751362.0,5073
colon_0607-supine.mha,1,1353931.0,3605
colon_0570-prone.mha,1,2760078.0,44617
colon_0581-prone.mha,1,3623912.0,146969
colon_0088-supine.mha,1,2076631.0,13899
colon_0488-supine.mha,1,2658521.0,12057
colon_0024-supine.mha,1,411.0,78
colon_0024-supine.mha,2,1277096.0,14439
colon_0024-supine.mha,3,1078.0,42
colon_0326-prone.mha,1,2543369.0,15279
colon_0245-supine.mha,1,1917326.0,3116
colon_0477-prone.mha,1,1203421.0,65531
colon_0747-supine.mha,1,3132496.0,29530
colon_0149-prone.mha,1,441586.0,15350
colon_0149-prone.mha,2,1758424.0,30523
colon_0564-supine.mha,1,2418787.0,52613
colon_0257-prone.mha,1,1942554.0,55593
colon_0257-prone.mha,2,142.0,5
colon_0051-prone.mha,1,1771258.0,232952
colon_0359-supine.mha,1,2636912.0,26524
colon_0693-supine.mha,1,1300611.0,42081
colon_0547-prone.mha,1,1459348.0,21389
colon_0775-prone.mha,1,2413710.0,43760
colon_0202-supine.mha,1,1529108.0,26349
colon_0202-supine.mha,2,117.0,6
colon_0202-supine.mha,3,121.0,0
colon_0549-supine.mha,1,1777371.0,62078
colon_0322-prone.mha,1,1714426.0,11563
colon_0617-supine.mha,1,2962017.0,14084
colon_0617-supine.mha,2,152.0,21
colon_0288-supine.mha,1,2000395.0,6276
colon_0786-prone.mha,1,1328265.0,165001
colon_0087-prone.mha,1,1571164.0,4529
colon_0600-supine.mha,1,2289377.0,4325
colon_0264-prone.mha,1,3331742.0,13925
colon_0147-prone.mha,1,1897758.0,15570
colon_0732-supine.mha,1,2067302.0,50168
colon_0732-supine.mha,2,194.0,2
colon_0539-supine.mha,1,1627153.0,4478
colon_0632-prone.mha,1,1875633.0,47272
colon_0512-prone.mha,1,2140549.0,11529
colon_0239-prone.mha,1,1252472.0,8461
colon_0466-prone.mha,1,1663735.0,28318
colon_0466-prone.mha,2,17120.0,72
colon_0101-prone.mha,1,1662312.0,15002
colon_0111-prone.mha,1,1750616.0,30045
colon_0250-prone.mha,1,2384026.0,123440
colon_0290-supine.mha,1,1984750.0,3138
colon_0706-prone.mha,1,2384210.0,14829
colon_0674-supine.mha,1,1886766.0,19625
colon_0128-prone.mha,1,2733.0,85
colon_0128-prone.mha,2,1861157.0,26514
colon_0340-supine.mha,1,2210594.0,5945
colon_0098-prone.mha,1,1642312.0,69823
colon_0088-prone.mha,1,2175617.0,3429
colon_0788-supine.mha,1,1218776.0,4941
colon_0016-prone.mha,1,651670.0,76379
colon_0016-prone.mha,2,755491.0,20108
colon_0577-supine.mha,1,1456093.0,16455
colon_0213-supine.mha,1,3783480.0,43920
colon_0059-prone.mha,1,1320018.0,14325
colon_0385-prone.mha,1,1672320.0,11135
colon_0095-supine.mha,1,2321027.0,38859
colon_0512-supine.mha,1,2169375.0,2907
colon_0643-supine.mha,1,2061601.0,9082
colon_0526-prone.mha,1,1681259.0,73716
colon_0659-supine.mha,1,1910765.0,29063
colon_0235-supine.mha,1,1770751.0,2363
colon_0701-prone.mha,1,809.0,51
colon_0701-prone.mha,2,1624650.0,8234
colon_0701-prone.mha,3,1463.0,44
colon_0076-prone.mha,1,1920794.0,31961
colon_0676-supine.mha,1,2997965.0,37977
colon_0777-prone.mha,1,1124478.0,25175
colon_0034-prone.mha,1,4162975.0,61361
colon_0513-supine.mha,1,2040000.0,7862
colon_0388-prone.mha,1,1916062.0,24224
colon_0388-prone.mha,2,19952.0,89
colon_0139-supine.mha,1,2409495.0,125578
colon_0014-supine.mha,1,1387374.0,6172
colon_0426-supine.mha,1,2094711.0,13220
colon_0706-supine.mha,1,2221888.0,4384
colon_0319-supine.mha,1,1675777.0,13778
colon_0433-prone.mha,1,1705911.0,7283
colon_0487-supine.mha,1,1582880.0,21185
colon_0353-prone.mha,1,2729221.0,4314
colon_0457-prone.mha,1,1916178.0,22930
colon_0142-prone.mha,1,2006224.0,16027
colon_0295-supine.mha,1,1789819.0,47889
colon_0430-supine.mha,1,1913902.0,25210
colon_0669-supine.mha,1,2010422.0,36134
colon_0038-supine.mha,1,1482546.0,58447
colon_0371-prone.mha,1,1198077.0,3739
colon_0057-prone.mha,1,1500314.0,7901
colon_0688-prone.mha,1,1964397.0,29673
colon_0076-supine.mha,1,2295905.0,41146
colon_0384-prone.mha,1,2185042.0,18551
colon_0048-supine.mha,1,1361984.0,12124
colon_0266-supine.mha,1,2775346.0,26186
colon_0165-prone.mha,1,1763339.0,5740
colon_0053-prone.mha,1,1712502.0,15248
colon_0007-supine.mha,1,1750894.0,6609
colon_0539-prone.mha,1,1616119.0,12449
colon_0126-prone.mha,1,559250.0,8521
colon_0126-prone.mha,2,90941.0,790
colon_0550-supine.mha,1,2114180.0,86903
colon_0553-prone.mha,1,1734167.0,32113
colon_0612-supine.mha,1,1471489.0,28200
colon_0202-prone.mha,1,1789215.0,17208
colon_0700-supine.mha,1,1773714.0,6354
colon_0749-supine.mha,1,1683525.0,24072
colon_0494-supine.mha,1,2064281.0,32435
colon_0380-prone.mha,1,2276819.0,106445
colon_0183-supine.mha,1,1833097.0,52178
colon_0789-prone.mha,1,1628715.0,4057
colon_0274-supine.mha,1,160.0,49
colon_0274-supine.mha,2,1274040.0,11040
colon_0103-prone.mha,1,2200126.0,205526
colon_0103-prone.mha,2,108.0,2
colon_0701-supine.mha,1,2603.0,93
colon_0701-supine.mha,2,1683945.0,4443
colon_0005-supine.mha,1,1211922.0,10452
colon_0005-supine.mha,2,633.0,49
colon_0005-supine.mha,3,122.0,7
colon_0005-supine.mha,4,611.0,44
colon_0005-supine.mha,5,307.0,7
colon_0005-supine.mha,6,118.0,2
colon_0005-supine.mha,7,111.0,6
colon_0298-prone.mha,1,1565359.0,17468
colon_0799-supine.mha,1,1365282.0,9710
colon_0799-supine.mha,2,449.0,65
colon_0544-supine.mha,1,1282605.0,22059
colon_0457-supine.mha,1,2187488.0,14798
colon_0393-supine.mha,1,1348664.0,102977
colon_0302-prone.mha,1,1793385.0,6287
colon_0359-prone.mha,1,2556312.0,35345
colon_0024-prone.mha,1,2832.0,106
colon_0024-prone.mha,2,1275365.0,25373
colon_0618-supine.mha,1,1754558.0,23196
colon_0461-supine.mha,1,1874000.0,8688
colon_0053-supine.mha,1,1767655.0,22061
colon_0502-prone.mha,1,2409.0,88
colon_0502-prone.mha,2,2366230.0,15947
colon_0456-supine.mha,1,1937382.0,23171
colon_0464-prone.mha,1,1801351.0,127889
colon_0447-prone.mha,1,2039482.0,44001
colon_0408-prone.mha,1,3136604.0,42778
colon_0604-supine.mha,1,1843274.0,6924
